WP_ID,DataType,Date_Assessment_Original,Date_Assessment,Time_Assessment,Temp,pH,SEC,Turbidity,Total_Iron,Titration_1,Titration_2,Volume,N_VALUE,HCO3,Corrected_HCO3,Tryptophan_Probe,Sample_taken,SURVEY_DETAIL_ID,COUNTRY,Comment,Final_HCO3
MMZ37,Field,,2016-09-05,10:40:00,23.3,5.99,123.7,0.21,0.0,228.0,233.0,50.0,0.16,56.1989516030721,56.1989516030721,,Sampled,941,MAL,PVC pipes installed,56.1989516030721
MMZ38,Field,,2016-09-05,14:10:00,24.9,6.03,115.2,0.15,0.0,246.0,242.0,50.0,0.16,59.4904303303669,59.4904303303669,,Sampled,942,MAL,PVC pipes installed,59.4904303303669
MMZ39,Field,,2016-09-06,03:30:00,,,,,,,,,,,,,Not sampled,943,MAL,,
MMZ40,Field,,2016-09-06,04:35:00,,,,,,,,,,,,,Not sampled,944,MAL,,
MMZ35,Field,,2016-09-06,09:30:00,24.7,5.65,367.9,0.25,0.0,401.0,391.0,50.0,0.16,96.5500426673168,96.5500426673168,,Sampled,939,MAL,PVC pipes installed,96.5500426673168
MMZ36,Field,,2016-09-07,13:40:00,24.3,6.09,314.8,0.24,0.01,376.0,373.0,50.0,0.16,91.3080580275509,91.3080580275509,,Sampled,940,MAL,PVC pipes installed,91.3080580275509
MMZ31,Field,,2016-09-07,09:30:00,,,,,,,,,,,,,Not sampled,935,MAL,,
MMZ32,Field,,2016-09-08,10:45:00,23.6,7.06,334.6,11.7,0.0,752.0,788.0,50.0,0.16,187.736194075338,187.736194075338,,Sampled,936,MAL,PVC pipes installed,187.736194075338
MMZ33,Field,,2016-09-08,13:00:00,23.8,7.01,355.3,0.33,0.01,808.0,820.0,50.0,0.16,198.463976593929,198.463976593929,,Sampled,937,MAL,PVC pipes installed,198.463976593929
MMZ34,Field,,2016-09-08,14:30:00,,,,,,,,,,,,,Not sampled,938,MAL,,
MMZ28,Field,,2016-09-09,10:00:00,25.2,6.0,159.6,0.3,0.0,265.0,260.0,50.0,0.16,64.0009752529562,64.0009752529562,,Sampled,932,MAL,PVC pipes installed,64.0009752529562
MMZ29,Field,,2016-09-09,12:20:00,24.4,6.84,578.3,0.16,0.0,80.0,78.0,50.0,1.6,19.2612458856516,19.2612458856516,,Sampled,933,MAL,PVC pipes installed,19.2612458856516
MMZ30,Field,,2016-09-09,14:10:00,23.1,5.81,111.0,0.28,0.0,253.0,265.0,50.0,0.16,63.1476289162502,63.1476289162502,,Sampled,934,MAL,PVC pipes installed,63.1476289162502
MMZ25,Field,,2016-09-09,10:10:00,24.8,6.18,391.1,0.47,0.0,420.0,414.0,50.0,0.16,101.670120687553,101.670120687553,,Sampled,929,MAL,PVC pipes installed,101.670120687553
MMZ26,Field,,2016-09-10,11:50:00,24.6,6.58,586.7,0.11,0.0,667.0,687.0,50.0,0.16,165.061562842862,165.061562842862,,Sampled,930,MAL,PVC pipes installed,165.061562842862
MMZ27,Field,,2016-09-10,13:30:00,25.1,6.72,769.5,0.12,0.0,868.0,867.0,50.0,0.16,211.507984883579,211.507984883579,,Sampled,931,MAL,PVC pipes installed,211.507984883579
MMZ23,Field,,2016-09-10,10:40:00,24.9,6.17,707.5,0.31,0.0,719.0,729.0,50.0,0.16,176.52078507863,176.52078507863,,Sampled,927,MAL,PVC pipes installed,176.52078507863
MMZ24,Field,,2016-09-12,11:30:00,,,,,,,,,,,,,Not sampled,928,MAL,,
MMZ21,Field,,2016-09-12,10:20:00,24.0,6.53,178.9,9.68,0.01,423.0,420.0,50.0,0.16,102.767280263318,102.767280263318,,Sampled,925,MAL,PVC pipes installed,102.767280263318
MMZ22,Field,,2016-09-12,12:50:00,24.3,6.46,188.8,0.28,0.0,469.0,426.0,50.0,0.16,109.106424478849,109.106424478849,,Sampled,926,MAL,PVC pipes installed,109.106424478849
MMZ18,Field,,2016-09-12,10:00:00,23.4,5.95,208.7,0.29,0.01,383.0,388.0,50.0,0.16,93.9900036571986,93.9900036571986,,Sampled,922,MAL,PVC pipes installed,93.9900036571986
MMZ19,Field,,2016-09-13,11:35:00,23.4,6.43,375.2,0.39,0.0,867.0,901.0,50.0,0.16,215.530903328051,215.530903328051,,Sampled,923,MAL,PVC pipes installed,215.530903328051
MMZ20,Field,,2016-09-13,15:30:00,25.2,5.51,73.56,2.64,0.0,134.0,136.0,50.0,0.16,32.9147872729489,32.9147872729489,,Sampled,924,MAL,PVC pipes installed,32.9147872729489
MMZ16,Field,,2016-09-13,09:40:00,22.4,5.92,138.5,0.87,0.0,316.0,308.0,50.0,0.16,76.0697305863709,76.0697305863709,,Sampled,920,MAL,PVC pipes installed,76.0697305863709
MMZ17,Field,,2016-09-14,12:10:00,22.4,6.11,181.8,0.16,0.0,537.0,530.0,50.0,0.16,130.074363037913,130.074363037913,,Sampled,921,MAL,PVC pipes installed,130.074363037913
MMZ13,Field,,2016-09-14,09:50:00,23.6,6.1,432.1,0.3,0.0,65.0,54.0,50.0,1.6,14.5068877240034,14.5068877240034,,Sampled,917,MAL,PVC pipes installed,14.5068877240034
MMZ14,Field,,2016-09-14,12:40:00,24.1,6.76,1100.0,0.78,0.02,129.0,119.0,50.0,1.6,30.2328416433012,30.2328416433012,,Sampled,918,MAL,PVC pipes installed,30.2328416433012
MMZ15,Field,,2016-09-14,14:00:00,,,,,,,,,,,,,Not sampled,919,MAL,,
MMZ09,Field,,2016-09-15,10:05:00,24.8,5.14,59.19,11.7,0.0,83.0,91.0,50.0,0.16,21.2117517981226,21.2117517981226,,Sampled,913,MAL,PVC pipes installed,21.2117517981226
MMZ10,Field,,2016-09-15,11:45:00,23.6,5.91,89.65,6.09,0.01,230.0,241.0,50.0,0.16,57.4180177983665,57.4180177983665,,Sampled,914,MAL,PVC pipes installed,57.4180177983665
MMZ11,Field,,2016-09-15,13:20:00,24.8,6.55,447.3,0.14,0.0,251.0,241.0,50.0,1.6,59.9780568084847,59.9780568084847,,Sampled,915,MAL,PVC pipes installed,59.9780568084847
MMZ12,Field,,2016-09-15,15:10:00,25.2,6.93,486.4,0.21,0.0,107.0,104.0,50.0,1.6,25.7222967207119,25.7222967207119,,Sampled,916,MAL,PVC pipes installed,25.7222967207119
MMZ05,Field,,2016-09-16,09:10:00,25.3,6.0,534.6,0.59,0.0,380.0,375.0,50.0,0.16,92.0394977447275,92.0394977447275,,Sampled,909,MAL,PVC pipes installed,92.0394977447275
MMZ06,Field,,2016-09-16,10:50:00,24.9,6.42,673.2,2.97,0.01,818.0,828.0,50.0,0.16,200.658295745459,200.658295745459,,Sampled,910,MAL,PVC pipes installed,200.658295745459
MMZ07,Field,,2016-09-16,12:15:00,25.5,6.03,370.3,0.42,0.0,405.0,396.0,50.0,0.16,97.6472022430818,97.6472022430818,,Sampled,911,MAL,PVC pipes installed,97.6472022430818
MMZ08,Field,,2016-09-16,14:55:00,24.6,6.17,363.6,0.62,0.0,450.0,452.0,50.0,0.16,109.959770815555,109.959770815555,,Sampled,912,MAL,PVC pipes installed,109.959770815555
MMZ01,Field,,2016-09-17,09:30:00,24.4,6.08,207.2,1.19,0.0,318.0,322.0,50.0,0.16,78.0202364988419,78.0202364988419,,Sampled,905,MAL,PVC pipes installed,78.0202364988419
MMZ02,Field,,2016-09-17,11:30:00,25.6,6.97,1318.0,0.48,0.01,177.0,180.0,50.0,1.6,43.5206631720102,43.5206631720102,,Sampled,906,MAL,PVC pipes installed,43.5206631720102
MMZ03,Field,,2016-09-17,14:05:00,25.8,6.46,451.5,0.67,0.0,855.0,868.0,50.0,0.16,210.045105449226,210.045105449226,,Sampled,907,MAL,PVC pipes installed,210.045105449226
MMZ04,Field,,2016-09-17,15:45:00,25.5,6.68,469.0,0.62,0.01,865.0,874.0,50.0,0.16,211.995611361697,211.995611361697,,Sampled,908,MAL,PVC pipes installed,211.995611361697
MNK37,Field,,2016-09-22,09:35:00,27.6,6.7,353.7,0.81,0.0,610.0,605.0,50.0,0.16,148.11654272827,148.11654272827,0.2,Sampled,901,MAL,PVC pipes installed,148.11654272827
MNK38,Field,,2016-09-22,11:10:00,27.6,6.54,318.8,0.59,0.0,880.0,870.0,50.0,0.16,213.336584176521,213.336584176521,0.4,Sampled,902,MAL,PVC pipes installed,213.336584176521
MNK39,Field,,2016-09-22,12:50:00,27.7,6.0,171.9,0.7,0.0,381.0,394.0,50.0,0.16,94.4776301353164,94.4776301353164,0.2,Sampled,903,MAL,PVC pipes installed,94.4776301353164
MNK40,Field,,2016-09-23,14:00:00,,,,,,,,,,,,,Not Sampled,904,MAL,,
MNK35,Field,,2016-09-23,09:20:00,28.7,6.19,284.7,1.12,0.0,668.0,681.0,50.0,0.16,164.452029745215,164.452029745215,0.3,Sampled,899,MAL,PVC pipes installed,164.452029745215
MNK36,Field,,2016-09-23,11:15:00,28.7,6.82,237.6,0.84,0.0,520.0,518.0,50.0,0.16,126.539071071559,126.539071071559,0.7,Sampled,900,MAL,PVC pipes installed,126.539071071559
MNK30,Field,,2016-09-23,09:20:00,28.3,6.25,83.34,0.65,0.0,135.0,141.0,50.0,0.16,33.6462269901256,33.6462269901256,0.2,Sampled,894,MAL,PVC pipes installed,33.6462269901256
MNK31,Field,,2016-09-24,11:00:00,27.6,7.4,185.7,0.72,0.0,459.0,458.0,50.0,0.16,111.788370108497,111.788370108497,0.1,Sampled,895,MAL,PVC pipes installed,111.788370108497
MNK32,Field,,2016-09-24,12:15:00,,,,,,,,,,,,,Not Sampled,896,MAL,,
MNK33,Field,,2016-09-24,13:20:00,29.0,7.26,139.6,0.5,0.0,303.0,314.0,50.0,0.16,75.2163842496648,75.2163842496648,0.2,Sampled,897,MAL,PVC pipes installed,75.2163842496648
MNK34,Field,,2016-09-24,14:10:00,,,,,,,,,,,,,Not Sampled,898,MAL,,
MNK26,Field,,2016-09-26,09:35:00,,,,,,,,,,,,,Not Sampled,890,MAL,,
MNK27,Field,,2016-09-26,10:30:00,,,,,,,,,,,,,Not Sampled,891,MAL,,
MNK28,Field,,2016-09-26,12:30:00,29.1,7.03,597.3,1.38,0.01,229.0,221.0,50.0,1.6,54.8579787882482,54.8579787882482,1.0,Sampled,892,MAL,PVC pipes installed,54.8579787882482
MNK29,Field,,2016-09-27,14:00:00,28.2,6.7,180.0,0.45,0.0,400.0,410.0,50.0,0.16,98.7443618188468,98.7443618188468,0.2,Sampled,893,MAL,PVC pipes installed,98.7443618188468
MNK22,Field,,2016-09-27,09:35:00,28.6,6.1,88.95,2.17,0.01,177.0,188.0,50.0,0.16,44.4959161282458,44.4959161282458,0.4,Sampled,886,MAL,PVC pipes installed,44.4959161282458
MNK23,Field,,2016-09-27,10:50:00,,,,,,,,,,,,,Not Sampled,887,MAL,,
MNK24,Field,,2016-09-28,12:20:00,28.4,7.08,713.6,0.49,0.0,161.0,170.0,50.0,1.6,40.3510910642448,40.3510910642448,0.7,Sampled,888,MAL,PVC pipes installed,40.3510910642448
MNK25,Field,,2016-09-28,14:20:00,29.2,6.22,104.6,0.41,0.0,218.0,223.0,50.0,0.16,53.7608192124832,53.7608192124832,0.3,Sampled,889,MAL,PVC pipes installed,53.7608192124832
MNK18,Field,,2016-09-29,09:45:00,27.2,6.51,540.5,0.72,0.02,661.0,641.0,50.0,0.16,158.722418627331,158.722418627331,0.3,Sampled,882,MAL,PVC pipes installed,158.722418627331
MNK19,Field,,2016-09-29,11:30:00,28.3,6.53,293.6,0.8,0.02,346.0,350.0,50.0,0.16,84.8470071924906,84.8470071924906,1.3,Sampled,883,MAL,PVC pipes installed,84.8470071924906
MNK20,Field,,2016-09-29,13:10:00,27.6,6.52,285.0,0.5,0.0,277.0,268.0,50.0,0.16,66.439107643545,66.439107643545,0.2,Sampled,884,MAL,PVC pipes installed,66.439107643545
MNK21,Field,,2016-09-30,14:45:00,,,,,,,,,,,,,Not Sampled,885,MAL,,
MNK14,Field,,2016-09-30,09:45:00,27.7,5.68,31.56,0.92,0.01,41.0,44.0,50.0,0.16,10.3620626600024,10.3620626600024,0.2,Sampled,878,MAL,PVC pipes installed,10.3620626600024
MNK15,Field,,2016-09-30,11:05:00,27.6,6.36,78.68,0.97,0.01,167.0,165.0,50.0,0.16,40.4729976837742,40.4729976837742,0.2,Sampled,879,MAL,PVC pipes installed,40.4729976837742
MNK16,Field,,2016-09-30,13:30:00,28.2,6.01,46.96,0.93,0.0,103.0,113.0,50.0,0.16,26.3318298183591,26.3318298183591,0.2,Sampled,880,MAL,PVC pipes installed,26.3318298183591
MNK17,Field,,2016-10-01,15:00:00,28.7,6.33,83.5,6.62,0.01,206.0,210.0,50.0,0.16,50.7131537242472,50.7131537242472,0.2,Sampled,881,MAL,PVC pipes installed,50.7131537242472
MNK11,Field,,2016-10-01,09:20:00,28.6,6.79,230.1,0.46,0.01,512.0,534.0,50.0,0.16,127.514324027795,127.514324027795,0.2,Sampled,875,MAL,PVC pipes installed,127.514324027795
MNK12,Field,,2016-10-01,11:45:00,,,,,,,,,,,,,Not Sampled,876,MAL,,
MNK13,Field,,2016-10-04,12:50:00,29.9,7.77,526.7,0.53,0.01,138.0,132.0,50.0,1.6,32.9147872729489,32.9147872729489,0.3,Sampled,877,MAL,PVC pipes installed,32.9147872729489
MNK08,Field,,2016-10-04,09:55:00,28.3,6.9,674.7,0.65,0.02,180.0,182.0,50.0,1.6,44.1301962696574,44.1301962696574,0.5,Sampled,872,MAL,PVC pipes installed,44.1301962696574
MNK09,Field,,2016-10-04,12:30:00,28.1,7.02,484.1,0.52,0.0,124.0,128.0,50.0,1.6,30.720468121419,30.720468121419,0.3,Sampled,873,MAL,PVC pipes installed,30.720468121419
MNK10,Field,,2016-10-04,14:15:00,27.6,6.98,387.1,0.6,0.01,818.0,824.0,50.0,0.16,200.170669267341,200.170669267341,0.3,Sampled,874,MAL,PVC pipes installed,200.170669267341
MNK04,Field,,2016-10-05,09:55:00,27.3,6.26,171.2,0.75,0.01,403.0,405.0,50.0,0.16,98.5005485797879,98.5005485797879,0.2,Sampled,868,MAL,PVC pipes installed,98.5005485797879
MNK05,Field,,2016-10-05,11:35:00,27.7,6.27,146.4,0.92,0.01,386.0,386.0,50.0,0.16,94.111910276728,94.111910276728,0.2,Sampled,869,MAL,PVC pipes installed,94.111910276728
MNK06,Field,,2016-10-05,13:00:00,,,,,,,,,,,,,Not Sampled,870,MAL,,
MNK07,Field,,2016-10-06,14:30:00,27.9,6.81,263.9,0.64,0.01,471.0,484.0,50.0,0.16,116.420821650616,116.420821650616,0.4,Sampled,871,MAL,PVC pipes installed,116.420821650616
MNK01,Field,,2016-10-06,10:00:00,27.9,6.79,513.9,0.61,0.0,125.0,118.0,50.0,1.6,296.23308545654,296.23308545654,0.3,Sampled,865,MAL,PVC pipes installed,296.23308545654
MNK02,Field,,2016-10-06,12:35:00,27.4,5.86,105.2,2.52,0.0,166.0,155.0,50.0,0.16,39.1320248689504,39.1320248689504,0.2,Sampled,866,MAL,PVC pipes installed,39.1320248689504
MNK03,Field,,2016-10-06,14:45:00,,,,,,,,,,,,,Not Sampled,867,MAL,,
MLI38,Field,,2016-10-14,09:45:00,25.2,7.15,665.1,1.02,0.02,144.0,154.0,50.0,1.6,36.3281726197733,36.3281726197733,,Sampled,862,MAL,PVC pipes installed,36.3281726197733
MLI39,Field,,2016-10-14,11:20:00,,,,,,,,,,,,,Not sampled,863,MAL,,
MLI40,Field,,2016-10-14,13:05:00,24.1,6.76,1025.0,0.51,0.01,141.0,150.0,50.0,1.6,35.4748262830672,35.4748262830672,,Sampled,864,MAL,PVC pipes installed,35.4748262830672
MLI35,Field,,2016-10-14,09:30:00,24.1,6.45,194.7,0.46,0.0,328.0,333.0,50.0,0.16,80.5802755089601,80.5802755089601,,Sampled,859,MAL,PVC pipes installed,80.5802755089601
MLI36,Field,,2016-10-15,11:30:00,24.0,6.73,259.1,0.39,0.01,545.0,570.0,50.0,0.16,135.925880775326,135.925880775326,,Sampled,860,MAL,PVC pipes installed,135.925880775326
MLI37,Field,,2016-10-15,14:20:00,,,,,,,,,,,,,Not sampled,861,MAL,,
MLI32,Field,,2016-10-15,09:30:00,24.7,6.03,353.7,0.37,0.02,286.0,270.0,50.0,0.16,67.7800804583689,67.7800804583689,,Sampled,856,MAL,PVC pipes installed,67.7800804583689
MLI33,Field,,2016-10-17,11:30:00,24.4,6.25,476.5,0.36,0.02,355.0,364.0,50.0,0.16,87.6508594416677,87.6508594416677,,Sampled,857,MAL,PVC pipes installed,87.6508594416677
MLI34,Field,,2016-10-17,14:10:00,24.0,6.6,339.5,0.36,0.02,570.0,550.0,50.0,0.16,136.535413872973,136.535413872973,,Sampled,858,MAL,PVC pipes installed,136.535413872973
MLI29,Field,,2016-10-17,,,,,,,,,,,,,,Not sampled,853,MAL,,
MLI30,Field,,2016-10-17,10:50:00,24.9,6.07,441.2,0.42,0.02,521.0,576.0,50.0,0.16,133.731561623796,133.731561623796,,Sampled,854,MAL,PVC pipes installed,133.731561623796
MLI31,Field,,2016-10-18,13:40:00,25.6,6.32,203.5,0.4,0.01,470.0,469.0,50.0,0.16,114.470315738145,114.470315738145,,Sampled,855,MAL,PVC pipes installed,114.470315738145
MLI25,Field,,2016-10-18,08:45:00,,,,,,,,,,,,,Not sampled,849,MAL,,
MLI26,Field,,2016-10-18,10:50:00,24.1,6.83,493.1,0.28,0.03,71.0,74.0,50.0,1.6,176.764598317689,176.764598317689,,Sampled,850,MAL,PVC pipes installed,176.764598317689
MLI27,Field,,2016-10-19,11:40:00,,,,,,,,,,,,,Not Sampled,851,MAL,PVC pipes installed,
MLI28,Field,,2016-10-19,13:50:00,25.2,6.76,341.0,0.3,0.0,50.0,51.0,50.0,1.6,123.125685724735,123.125685724735,,Sampled,852,MAL,PVC pipes installed,123.125685724735
MLI22,Field,,2016-10-19,09:10:00,23.9,7.33,227.4,0.28,0.0,139.0,121.0,100.0,1.6,158.478605388273,158.478605388273,,Sampled,846,MAL,PVC pipes installed,158.478605388273
MLI23,Field,,2016-10-19,11:50:00,24.6,6.6,271.9,0.38,0.0,54.0,52.0,50.0,1.6,129.221016701207,129.221016701207,,Sampled,847,MAL,PVC pipes installed,129.221016701207
MLI24,Field,,2016-10-20,14:40:00,24.8,6.67,229.8,0.74,0.02,66.0,54.0,50.0,1.6,146.287943435329,146.287943435329,,Sampled,848,MAL,PVC pipes installed,146.287943435329
MLI19,Field,,2016-10-20,09:05:00,24.2,6.88,914.9,0.33,0.017,247.0,236.0,50.0,1.6,588.808972327197,588.808972327197,,Sampled,843,MAL,PVC pipes installed,588.808972327197
MLI20,Field,,2016-10-20,11:45:00,24.5,7.04,467.8,1.25,0.007,160.0,163.0,50.0,1.6,393.758381080093,393.758381080093,,Sampled,844,MAL,PVC pipes installed,393.758381080093
MLI21,Field,,2016-10-21,13:35:00,,,,,,,,,,,,,Not sampled,845,MAL,,
MLI15,Field,,2016-10-21,08:50:00,23.8,7.19,676.8,0.33,0.007,111.0,105.0,50.0,1.6,263.318298183591,263.318298183591,,Sampled,839,MAL,PVC pipes installed,263.318298183591
MLI16,Field,,2016-10-21,,,,,,,,,,,,,,Not sampled,840,MAL,,
MLI17,Field,,2016-10-22,12:30:00,24.1,7.58,815.0,0.52,0.008,160.0,167.0,50.0,1.6,398.63464586127,398.63464586127,,Sampled,841,MAL,PVC pipes installed,398.63464586127
MLI18,Field,,2016-10-22,14:50:00,24.0,7.22,680.7,0.3,-0.007,152.0,151.0,50.0,1.6,369.377057174205,369.377057174205,,Sampled,842,MAL,PVC pipes installed,369.377057174205
MLI12,Field,,2016-10-22,,,,,,,,,,,,,,Not sampled,836,MAL,,
MLI13,Field,,2016-10-22,11:30:00,24.2,6.96,787.4,0.3,0.018,110.0,115.0,50.0,1.6,274.289893941241,274.289893941241,,Sampled,837,MAL,PVC pipes installed,274.289893941241
MLI14,Field,,2016-10-24,13:27:00,24.9,7.43,694.1,0.3,0.03,150.0,155.0,50.0,1.6,371.815189564793,371.815189564793,,Sampled,838,MAL,PVC pipes installed,371.815189564793
MLI08,Field,,2016-10-24,08:45:00,23.9,6.94,268.1,0.77,0.018,60.0,55.0,50.0,1.6,140.192612458857,140.192612458857,,Sampled,832,MAL,PVC pipes installed,140.192612458857
MLI09,Field,,2016-10-24,,,,,,,,,,,,,,Not sampled,833,MAL,,
MLI10,Field,,2016-10-25,12:25:00,24.7,7.33,1072.0,0.56,0.076,211.0,212.0,50.0,1.6,515.665000609533,515.665000609533,,Sampled,834,MAL,PVC pipes installed,515.665000609533
MLI11,Field,,2016-10-25,,,,,,,,,,,,,,Not sampled,835,MAL,,
MLI05,Field,,2016-10-25,08:55:00,23.9,7.41,681.5,0.28,0.003,139.0,139.0,50.0,1.6,338.900402291844,338.900402291844,,Sampled,829,MAL,PVC pipes installed,338.900402291844
MLI06,Field,,2016-10-26,10:40:00,24.7,6.79,319.8,0.38,0.0,53.0,54.0,50.0,1.6,130.440082896501,130.440082896501,,Sampled,830,MAL,PVC pipes installed,130.440082896501
MLI07,Field,,2016-10-26,12:15:00,25.4,7.08,706.0,0.28,0.074,123.0,125.0,50.0,1.6,302.328416433012,302.328416433012,,Sampled,831,MAL,PVC pipes installed,302.328416433012
MLI01,Field,,2016-10-26,08:20:00,24.8,6.68,307.9,0.34,0.003,58.0,55.0,50.0,1.6,137.754480068268,137.754480068268,,Sampled,825,MAL,PVC pipes installed,137.754480068268
MLI02,Field,,2016-10-27,09:45:00,24.6,6.93,1272.0,0.34,0.079,134.0,137.0,50.0,1.6,330.366938924784,330.366938924784,,Sampled,826,MAL,PVC pipes installed,330.366938924784
MLI03,Field,,2016-10-27,11:20:00,24.4,6.94,1148.0,0.28,0.021,144.0,145.0,50.0,1.6,352.310130440083,352.310130440083,,Sampled,827,MAL,PVC pipes installed,352.310130440083
MLI04,Field,,2016-10-27,12:45:00,24.6,6.64,311.5,0.28,0.021,52.0,49.0,50.0,1.6,123.125685724735,123.125685724735,,Sampled,828,MAL,PVC pipes installed,123.125685724735
MMA40,Field,,2016-11-02,15:20:00,28.7,7.69,763.6,0.31,-0.001,135.0,137.0,50.0,1.6,331.586005120078,331.586005120078,0.7,Sampled,824,MAL,PVC pipes installed,331.586005120078
MMA37,Field,,2016-11-02,11:00:00,26.1,6.22,97.11,0.4,0.024,181.0,180.0,50.0,0.16,44.008289650128,44.008289650128,0.1,Sampled,821,MAL,PVC pipes installed,44.008289650128
MMA38,Field,,2016-11-02,12:40:00,26.9,6.38,173.8,0.27,0.0,199.0,199.0,50.0,0.16,48.5188345727173,48.5188345727173,0.3,Sampled,822,MAL,PVC pipes installed,48.5188345727173
MMA39,Field,,2016-11-03,,,,,,,,,,,,,,NotSampled,823,MAL,,
MMA34,Field,,2016-11-03,11:00:00,27.0,7.13,3951.0,0.66,0.013,286.0,290.0,50.0,1.6,702.182128489577,702.182128489577,0.5,Sampled,818,MAL,PVC pipes installed,702.182128489577
MMA35,Field,,2016-11-03,13:10:00,27.1,7.07,901.3,0.29,,209.0,215.0,50.0,1.6,516.884066804828,516.884066804828,0.3,Sampled,819,MAL,PVC pipes installed,516.884066804828
MMA36,Field,,2016-11-03,15:05:00,28.0,6.87,625.4,0.24,0.002,168.0,159.0,50.0,1.6,398.63464586127,398.63464586127,0.7,Sampled,820,MAL,PVC pipes installed,398.63464586127
MMA30,Field,,2016-11-04,10:05:00,25.6,6.63,161.5,0.28,0.006,328.0,332.0,50.0,1.6,804.583688894307,804.583688894307,0.2,Sampled,814,MAL,PVC pipes installed,804.583688894307
MMA31,Field,,2016-11-04,12:10:00,26.3,7.22,843.0,52.3,-0.003,189.0,191.0,50.0,1.6,463.245154211874,463.245154211874,0.8,Sampled,815,MAL,PVC pipes installed,463.245154211874
MMA32,Field,,2016-11-04,,,,,,,,,,,,,,NotSampled,816,MAL,,
MMA33,Field,,2016-11-05,,,,,,,,,,,,,,NotSampled,817,MAL,,
MMA27,Field,,2016-11-05,09:35:00,27.0,6.97,418.5,0.3,0.013,80.0,75.0,50.0,1.6,188.955260270633,188.955260270633,0.3,Sampled,811,MAL,PVC pipes installed,188.955260270633
MMA28,Field,,2016-11-05,11:15:00,27.9,7.34,1953.0,1.05,0.01,367.0,368.0,50.0,1.6,896.013653541387,896.013653541387,0.7,Sampled,812,MAL,PVC pipes installed,896.013653541387
MMA29,Field,,2016-11-07,13:15:00,27.5,6.98,792.8,0.28,0.017,195.0,193.0,50.0,1.6,472.997683774229,472.997683774229,0.1,Sampled,813,MAL,PVC pipes installed,472.997683774229
MMA23,Field,,2016-11-07,,,,,,,,,,,,,,NotSampled,807,MAL,,
MMA24,Field,,2016-11-07,10:50:00,27.3,7.29,516.1,1.05,0.091,116.0,117.0,50.0,1.6,284.042423503596,284.042423503596,0.2,Sampled,808,MAL,PVC pipes installed,284.042423503596
MMA25,Field,,2016-11-07,12:55:00,27.2,6.62,144.5,0.38,0.02,293.0,300.0,50.0,0.16,72.2906253809582,72.2906253809582,0.2,Sampled,809,MAL,PVC pipes installed,72.2906253809582
MMA26,Field,,2016-11-08,14:10:00,26.8,6.96,243.3,1.35,0.014,50.0,50.0,50.0,1.6,121.90661952944,121.90661952944,0.5,Sampled,810,MAL,PVC pipes installed,121.90661952944
MMA20,Field,,2016-11-08,,,,,,,,,,,,,,Not Sampled,804,MAL,,
MMA21,Field,,2016-11-08,12:55:00,25.6,6.64,218.9,1.29,0.016,73.0,79.0,50.0,1.6,185.298061684749,185.298061684749,0.1,Sampled,805,MAL,PVC pipes installed,185.298061684749
MMA22,Field,,2016-11-08,14:45:00,25.8,6.1,101.4,10.4,0.037,156.0,160.0,50.0,0.16,38.5224917713032,38.5224917713032,0.2,Sampled,806,MAL,PVC pipes installed,38.5224917713032
MMA18,Field,,2016-11-09,11:50:00,27.1,7.13,325.8,0.37,0.002,67.0,61.0,50.0,1.6,156.040472997684,156.040472997684,0.4,Sampled,802,MAL,PVC pipes installed,156.040472997684
MMA19,Field,,2016-11-09,,,,,,,,,,,,,,Not Sampled,803,MAL,,
MMA15,Field,,2016-11-09,11:05:00,26.2,6.83,230.8,0.61,0.011,51.0,48.0,50.0,1.6,120.687553334146,120.687553334146,0.1,Sampled,799,MAL,PVC pipes installed,120.687553334146
MMA16,Field,,2016-11-09,,,,,,,,,,,,,,NotSampled,800,MAL,,
MMA17,Field,,2016-11-10,,,,,,,,,,,,,,NotSampled,801,MAL,,
MMA12,Field,,2016-11-10,10:47:00,26.8,7.58,810.7,0.18,0.031,119.0,115.0,50.0,1.6,285.261489698891,285.261489698891,0.6,Sampled,796,MAL,PVC pipes installed,285.261489698891
MMA13,Field,,2016-11-10,13:25:00,27.8,7.18,487.0,1.54,0.011,95.0,100.0,50.0,1.6,237.717908082409,237.717908082409,0.5,Sampled,797,MAL,PVC pipes installed,237.717908082409
MMA14,Field,,2016-11-10,15:30:00,27.0,6.87,409.6,0.17,0.009,82.0,84.0,50.0,1.6,202.364988418871,202.364988418871,0.3,Sampled,798,MAL,PVC pipes installed,202.364988418871
MMA08,Field,,2016-11-11,10:40:00,25.2,6.76,247.3,4.7,0.02,57.0,58.0,50.0,1.6,140.192612458857,140.192612458857,0.3,Sampled,792,MAL,PVC pipes installed,140.192612458857
MMA09,Field,,2016-11-11,12:00:00,25.3,6.25,117.9,0.39,0.17,198.0,201.0,50.0,0.16,48.6407411922467,48.6407411922467,0.4,Sampled,793,MAL,PVC pipes installed,48.6407411922467
MMA10,Field,,2016-11-11,13:40:00,26.3,6.74,219.8,0.35,0.013,44.0,46.0,50.0,1.6,109.715957576496,109.715957576496,0.1,Sampled,794,MAL,PVC pipes installed,109.715957576496
MMA11,Field,,2016-11-11,14:50:00,26.1,6.23,203.5,0.22,0.026,372.0,375.0,50.0,0.16,91.064244788492,91.064244788492,0.5,Sampled,795,MAL,PVC pipes installed,91.064244788492
MMA04,Field,,2016-11-11,10:35:00,27.2,6.62,552.6,8.92,0.06,98.0,97.0,50.0,1.6,237.717908082409,237.717908082409,0.7,Sampled,788,MAL,PVC pipes installed,237.717908082409
MMA05,Field,,2016-11-12,12:35:00,26.8,7.0,980.7,0.25,0.0,229.0,230.0,50.0,1.6,559.551383640132,559.551383640132,2.3,Sampled,789,MAL,PVC pipes installed,559.551383640132
MMA06,Field,,2016-11-12,14:05:00,27.3,6.77,307.0,0.25,0.026,64.0,65.0,50.0,1.6,157.259539192978,157.259539192978,0.2,Sampled,790,MAL,PVC pipes installed,157.259539192978
MMA07,Field,,2016-11-14,15:20:00,27.0,7.23,803.7,0.14,0.008,187.0,188.0,50.0,1.6,457.149823235402,457.149823235402,0.2,Sampled,791,MAL,PVC pipes installed,457.149823235402
MMA01,Field,,2016-11-14,09:50:00,26.6,6.82,602.0,0.18,0.09,142.0,144.0,50.0,1.6,348.6529318542,348.6529318542,0.4,Sampled,785,MAL,PVC pipes installed,348.6529318542
MMA02,Field,,2016-11-14,11:45:00,26.5,6.73,415.0,0.24,0.02,94.0,100.0,50.0,1.6,236.498841887114,236.498841887114,0.3,Sampled,786,MAL,PVC pipes installed,236.498841887114
MMA03,Field,,2016-11-14,14:35:00,27.6,6.65,183.2,0.82,0.0,28.0,26.0,50.0,1.6,65.8295745458978,65.8295745458978,0.3,Sampled,787,MAL,PVC pipes installed,65.8295745458978
MBA37,Field,,2016-11-22,08:55:00,26.2,7.12,657.0,0.16,0.04,179.0,196.0,50.0,1.6,45.7149823235402,45.7149823235402,0.9,Sampled,781,MAL,PVC pipes installed,45.7149823235402
MBA38,Field,,2016-11-22,,,,,,,,,,,,,,Not Sampled,782,MAL,,
MBA39,Field,,2016-11-22,11:30:00,26.9,7.12,1554.0,0.17,0.02,274.0,276.0,50.0,1.6,67.0486407411923,67.0486407411923,1.0,Sampled,783,MAL,PVC pipes installed,67.0486407411923
MBA40,Field,,2016-11-22,13:40:00,27.2,6.73,330.0,1.1,0.04,70.0,72.0,50.0,1.6,17.3107399731805,17.3107399731805,0.2,Sampled,784,MAL,PVC pipes installed,17.3107399731805
MBA33,Field,,2016-11-23,10:00:00,28.6,7.34,1370.0,0.22,0.02,305.0,310.0,50.0,1.6,749.725710106059,749.725710106059,1.5,Sampled,777,MAL,PVC pipes installed,749.725710106059
MBA34,Field,,2016-11-23,11:55:00,28.0,7.22,1053.0,0.19,0.01,212.0,210.0,50.0,1.6,514.445934414239,514.445934414239,0.5,Sampled,778,MAL,PVC pipes installed,514.445934414239
MBA35,Field,,2016-11-23,,,,,,,,,,,,,,Not Sampled,779,MAL,,
MBA36,Field,,2016-11-23,14:40:00,26.5,7.01,828.0,0.21,0.0,180.0,174.0,50.0,1.6,431.549433134219,431.549433134219,2.1,Sampled,780,MAL,PVC pipes installed,431.549433134219
MBA29,Field,,2016-11-25,09:47:00,28.3,7.51,1286.0,0.21,0.0,320.0,317.0,50.0,1.6,776.545166402536,776.545166402536,2.3,Sampled,773,MAL,PVC pipes installed,776.545166402536
MBA30,Field,,2016-11-25,12:10:00,27.7,7.42,1393.0,1.42,0.02,324.0,330.0,50.0,1.6,797.269291722541,797.269291722541,0.6,Sampled,774,MAL,PVC pipes installed,797.269291722541
MBA31,Field,,2016-11-25,13:50:00,27.7,7.05,509.2,3.4,0.0,138.0,109.0,50.0,1.6,301.109350237718,301.109350237718,1.6,Sampled,775,MAL,PVC pipes installed,301.109350237718
MBA32,Field,,2016-11-25,15:05:00,27.6,6.78,522.6,0.44,0.05,109.0,108.0,50.0,1.6,264.537364378886,264.537364378886,0.5,Sampled,776,MAL,PVC pipes installed,264.537364378886
MBA25,Field,,2016-11-28,10:28:00,26.7,7.98,479.0,0.19,0.0,114.0,116.0,50.0,1.6,280.385224917713,280.385224917713,0.8,Sampled,769,MAL,PVC pipes installed,280.385224917713
MBA26,Field,,2016-11-28,,,,,,,,,,,,,,Not Sampled,770,MAL,,
MBA27,Field,,2016-11-28,13:05:00,28.2,6.96,2710.0,1.27,0.0,244.0,244.0,50.0,1.6,594.904303303669,594.904303303669,1.0,Sampled,771,MAL,PVC pipes installed,594.904303303669
MBA28,Field,,2016-11-29,14:30:00,27.2,6.79,332.4,0.15,0.01,72.0,75.0,50.0,1.6,179.202730708277,179.202730708277,1.3,Sampled,772,MAL,PVC pipes installed,179.202730708277
MBA22,Field,,2016-11-29,11:00:00,27.1,7.54,1095.0,0.2,0.01,198.0,200.0,50.0,1.6,485.188345727173,485.188345727173,0.5,Sampled,766,MAL,PVC pipes installed,485.188345727173
MBA23,Field,,2016-11-30,13:21:00,28.5,7.64,775.0,1.5,0.03,194.0,193.0,50.0,1.6,471.778617578935,471.778617578935,0.4,Sampled,767,MAL,PVC pipes installed,471.778617578935
MBA24,Field,,2016-11-30,15:00:00,27.4,7.15,431.0,0.17,0.02,113.0,114.0,50.0,1.6,276.72802633183,276.72802633183,0.7,Sampled,768,MAL,PVC pipes installed,276.72802633183
MBA18,Field,,2016-11-30,08:56:00,26.4,7.65,1258.0,0.42,0.0,298.0,300.0,50.0,1.6,729.001584786054,729.001584786054,3.4,Sampled,762,MAL,PVC pipes installed,729.001584786054
MBA19,Field,,2016-12-01,10:40:00,26.7,7.6,533.0,0.36,0.04,130.0,128.0,50.0,1.6,314.519078385956,314.519078385956,1.4,Sampled,763,MAL,PVC pipes installed,314.519078385956
MBA20,Field,,2016-12-01,12:25:00,27.2,7.65,864.0,0.39,0.08,220.0,221.0,50.0,1.6,537.608192124832,537.608192124832,0.5,Sampled,764,MAL,PVC pipes installed,537.608192124832
MBA21,Field,,2016-12-02,13:50:00,26.7,7.59,1197.0,0.24,0.0,270.0,274.0,50.0,1.6,663.172010240156,663.172010240156,0.5,Sampled,765,MAL,PVC pipes installed,663.172010240156
MBA15,Field,,2016-12-02,09:02:00,26.5,7.39,604.0,0.2,0.01,172.0,167.0,50.0,1.6,413.263440204803,413.263440204803,1.0,Sampled,759,MAL,PVC pipes installed,413.263440204803
MBA16,Field,,2016-12-05,10:45:00,26.7,7.3,491.0,0.62,0.01,140.0,135.0,50.0,1.6,335.243203705961,335.243203705961,0.7,Sampled,760,MAL,PVC pipes installed,335.243203705961
MBA17,Field,,2016-12-05,12:30:00,27.4,7.3,2270.0,0.17,0.02,296.0,274.0,50.0,1.6,694.86773131781,694.86773131781,2.0,Sampled,761,MAL,PVC pipes installed,694.86773131781
MBA11,Field,,2016-12-05,09:50:00,28.2,7.45,1250.0,0.7,0.01,283.0,285.0,50.0,1.6,692.429598927222,692.429598927222,0.16,Sampled,755,MAL,PVC pipes installed,692.429598927222
MBA12,Field,,2016-12-06,12:07:00,28.2,7.65,798.0,0.16,0.0,195.0,204.0,50.0,1.6,486.407411922467,486.407411922467,0.7,Sampled,756,MAL,PVC pipes installed,486.407411922467
MBA13,Field,,2016-12-06,14:05:00,27.3,7.75,612.0,0.35,0.01,185.0,182.0,50.0,1.6,447.397293673046,447.397293673046,1.0,Sampled,757,MAL,PVC pipes installed,447.397293673046
MBA14,Field,,2016-12-06,,,,,,,,,,,,,,Not Sampled,758,MAL,,
MBA08,Field,,2016-12-07,09:50:00,26.6,7.06,673.3,1.22,0.01,167.0,154.0,50.0,1.6,391.320248689504,391.320248689504,0.8,Sampled,752,MAL,PVC pipes installed,391.320248689504
MBA09,Field,,2016-12-07,12:11:00,26.9,7.06,1119.0,0.15,0.01,310.0,321.0,50.0,1.6,769.230769230769,769.230769230769,1.9,Sampled,753,MAL,PVC pipes installed,769.230769230769
MBA10,Field,,2016-12-07,15:02:00,27.1,7.43,1148.0,0.26,0.01,284.0,290.0,50.0,1.6,699.743996098988,699.743996098988,1.0,Sampled,754,MAL,PVC pipes installed,699.743996098988
MBA06,Field,,2016-12-07,11:00:00,27.0,6.99,906.1,0.31,0.006,210.0,210.0,50.0,1.6,512.00780202365,512.00780202365,0.5,Sampled,750,MAL,PVC pipes installed,512.00780202365
MBA07,Field,,2016-12-08,12:25:00,26.6,7.08,551.9,0.79,0.01,129.0,126.0,50.0,1.6,310.861879800073,310.861879800073,0.8,Sampled,751,MAL,PVC pipes installed,310.861879800073
MBA03,Field,,2016-12-08,10:25:00,26.7,7.19,1652.0,12.0,0.008,289.0,273.0,50.0,1.6,685.115201755455,685.115201755455,1.1,Sampled,747,MAL,PVC pipes installed,685.115201755455
MBA04,Field,,2016-12-09,12:31:00,26.7,7.02,973.01,0.08,0.005,228.0,231.0,50.0,1.6,559.551383640132,559.551383640132,1.0,Sampled,748,MAL,PVC pipes installed,559.551383640132
MBA05,Field,,2016-12-09,14:45:00,26.7,7.0,1062.0,0.08,0.003,252.0,262.0,50.0,1.6,626.600024381324,626.600024381324,0.7,Sampled,749,MAL,PVC pipes installed,626.600024381324
MBA01,Field,,2016-12-09,11:55:00,26.8,6.92,1160.0,1.02,0.005,162.0,164.0,50.0,1.6,397.415579665976,397.415579665976,0.7,Sampled,745,MAL,PVC pipes installed,397.415579665976
MBA02,Field,,2016-12-09,14:35:00,25.0,7.07,2654.0,0.28,0.005,226.0,220.0,50.0,1.6,543.703523101304,543.703523101304,1.4,Sampled,746,MAL,PVC pipes installed,543.703523101304
